Time_s,WindingTemperature_C
60,76.7
120,88.4
180,98.7
240,107.1
300,113.6
360,118.8
420,122.8
480,126.2
540,129.0
600,130.9
660,132.5
720,134.2
780,135.3
840,136.0
900,136.8
960,137.7
1020,138.2
1080,138.5
1140,139.0
1200,139.5
1260,139.7
1320,139.9
1380,140.2
1440,140.5
1500,140.5
1560,140.8
1620,141.0
1680,141.0
1740,141.2
1800,141.4
1860,141.4
1920,141.7
1980,141.7
2040,141.7
2100,142.0
2160,142.0
2220,142.0
2280,141.9
2340,127.0
2400,127.0
2460,142.3
2520,142.4
2580,142.6
2640,142.6
2700,142.6
2760,142.6
2820,142.6
2880,142.7
2940,143.0
3000,143.0
3060,143.0
3120,143.0
3180,143.0
3240,143.0
3300,143.0
3360,143.3
3420,143.3
3480,143.3
3540,143.3
3600,143.3
